--
-- PostgreSQL database dump
--

-- Dumped from database version 12.17 (Ubuntu 12.17-1.pgdg22.04+1)
-- Dumped by pg_dump version 12.17 (Ubuntu 12.17-1.pgdg22.04+1)

SET statement_timeout = 0;
SET lock_timeout = 0;
SET idle_in_transaction_session_timeout = 0;
SET client_encoding = 'UTF8';
SET standard_conforming_strings = on;
SELECT pg_catalog.set_config('search_path', '', false);
SET check_function_bodies = false;
SET xmloption = content;
SET client_min_messages = warning;
SET row_security = off;

DROP DATABASE universe;
--
-- Name: universe; Type: DATABASE; Schema: -; Owner: freecodecamp
--

CREATE DATABASE universe WITH TEMPLATE = template0 ENCODING = 'UTF8' LC_COLLATE = 'C.UTF-8' LC_CTYPE = 'C.UTF-8';


ALTER DATABASE universe OWNER TO freecodecamp;

\connect universe

SET statement_timeout = 0;
SET lock_timeout = 0;
SET idle_in_transaction_session_timeout = 0;
SET client_encoding = 'UTF8';
SET standard_conforming_strings = on;
SELECT pg_catalog.set_config('search_path', '', false);
SET check_function_bodies = false;
SET xmloption = content;
SET client_min_messages = warning;
SET row_security = off;

SET default_tablespace = '';

SET default_table_access_method = heap;

--
-- Name: galaxy; Type: TABLE; Schema: public; Owner: freecodecamp
--

CREATE TABLE public.galaxy (
    galaxy_id integer NOT NULL,
    name character varying(255) NOT NULL,
    description text,
    light_years_from_earth integer,
    year_discovered integer
);


ALTER TABLE public.galaxy OWNER TO freecodecamp;

--
-- Name: galaxy_galaxy_id_seq; Type: SEQUENCE; Schema: public; Owner: freecodecamp
--

ALTER TABLE public.galaxy ALTER COLUMN galaxy_id ADD GENERATED BY DEFAULT AS IDENTITY (
    SEQUENCE NAME public.galaxy_galaxy_id_seq
    START WITH 1
    INCREMENT BY 1
    NO MINVALUE
    NO MAXVALUE
    CACHE 1
);


--
-- Name: moon; Type: TABLE; Schema: public; Owner: freecodecamp
--

CREATE TABLE public.moon (
    moon_id integer NOT NULL,
    planet_id integer NOT NULL,
    name character varying(255) NOT NULL,
    mass numeric,
    has_life boolean
);


ALTER TABLE public.moon OWNER TO freecodecamp;

--
-- Name: moon_moon_id_seq; Type: SEQUENCE; Schema: public; Owner: freecodecamp
--

ALTER TABLE public.moon ALTER COLUMN moon_id ADD GENERATED BY DEFAULT AS IDENTITY (
    SEQUENCE NAME public.moon_moon_id_seq
    START WITH 1
    INCREMENT BY 1
    NO MINVALUE
    NO MAXVALUE
    CACHE 1
);


--
-- Name: mountain; Type: TABLE; Schema: public; Owner: freecodecamp
--

CREATE TABLE public.mountain (
    mountain_id integer NOT NULL,
    name character varying(255) NOT NULL,
    rock_type character varying(255) NOT NULL,
    rock_id integer NOT NULL
);


ALTER TABLE public.mountain OWNER TO freecodecamp;

--
-- Name: mountain_mountain_id_seq; Type: SEQUENCE; Schema: public; Owner: freecodecamp
--

ALTER TABLE public.mountain ALTER COLUMN mountain_id ADD GENERATED BY DEFAULT AS IDENTITY (
    SEQUENCE NAME public.mountain_mountain_id_seq
    START WITH 1
    INCREMENT BY 1
    NO MINVALUE
    NO MAXVALUE
    CACHE 1
);


--
-- Name: planet; Type: TABLE; Schema: public; Owner: freecodecamp
--

CREATE TABLE public.planet (
    planet_id integer NOT NULL,
    star_id integer NOT NULL,
    name character varying(255) NOT NULL,
    mass numeric,
    has_life boolean
);


ALTER TABLE public.planet OWNER TO freecodecamp;

--
-- Name: planet_planet_id_seq; Type: SEQUENCE; Schema: public; Owner: freecodecamp
--

ALTER TABLE public.planet ALTER COLUMN planet_id ADD GENERATED BY DEFAULT AS IDENTITY (
    SEQUENCE NAME public.planet_planet_id_seq
    START WITH 1
    INCREMENT BY 1
    NO MINVALUE
    NO MAXVALUE
    CACHE 1
);


--
-- Name: star; Type: TABLE; Schema: public; Owner: freecodecamp
--

CREATE TABLE public.star (
    star_id integer NOT NULL,
    galaxy_id integer NOT NULL,
    name character varying(255) NOT NULL,
    description text,
    mass numeric
);


ALTER TABLE public.star OWNER TO freecodecamp;

--
-- Name: star_star_id_seq; Type: SEQUENCE; Schema: public; Owner: freecodecamp
--

ALTER TABLE public.star ALTER COLUMN star_id ADD GENERATED BY DEFAULT AS IDENTITY (
    SEQUENCE NAME public.star_star_id_seq
    START WITH 1
    INCREMENT BY 1
    NO MINVALUE
    NO MAXVALUE
    CACHE 1
);


--
-- Data for Name: galaxy; Type: TABLE DATA; Schema: public; Owner: freecodecamp
--

INSERT INTO public.galaxy VALUES (1, 'Andromeda Galaxy', NULL, NULL, NULL);
INSERT INTO public.galaxy VALUES (2, 'Milky Way', NULL, NULL, NULL);
INSERT INTO public.galaxy VALUES (3, 'Needle Galaxy', NULL, NULL, NULL);
INSERT INTO public.galaxy VALUES (4, 'Cigar Galaxy', NULL, NULL, NULL);
INSERT INTO public.galaxy VALUES (5, 'Circinus Galaxy', NULL, NULL, NULL);
INSERT INTO public.galaxy VALUES (6, 'Peekaboo Galaxy', NULL, NULL, NULL);


--
-- Data for Name: moon; Type: TABLE DATA; Schema: public; Owner: freecodecamp
--

INSERT INTO public.moon VALUES (1, 1, 'Moon', NULL, NULL);
INSERT INTO public.moon VALUES (2, 1, 'International Space Station', NULL, NULL);
INSERT INTO public.moon VALUES (3, 1, 'Tiangong space station', NULL, NULL);
INSERT INTO public.moon VALUES (4, 2, 'Phobos', NULL, NULL);
INSERT INTO public.moon VALUES (5, 2, 'Deimos', NULL, NULL);
INSERT INTO public.moon VALUES (6, 2, '2001 Mars Odyssey', NULL, NULL);
INSERT INTO public.moon VALUES (7, 2, 'Mars Express', NULL, NULL);
INSERT INTO public.moon VALUES (8, 2, 'Mars Reconnaissance Orbiter', NULL, NULL);
INSERT INTO public.moon VALUES (9, 2, 'MAVEN', NULL, NULL);
INSERT INTO public.moon VALUES (10, 2, 'ExoMars Trace Gas Orbiter', NULL, NULL);
INSERT INTO public.moon VALUES (11, 2, 'Emirates Mars Mission', NULL, NULL);
INSERT INTO public.moon VALUES (12, 2, 'Tianwen 1', NULL, NULL);
INSERT INTO public.moon VALUES (13, 3, 'Mimas', NULL, NULL);
INSERT INTO public.moon VALUES (14, 3, 'Enceladus', NULL, NULL);
INSERT INTO public.moon VALUES (15, 3, 'Tethys', NULL, NULL);
INSERT INTO public.moon VALUES (16, 3, 'Dione', NULL, NULL);
INSERT INTO public.moon VALUES (17, 3, 'Rhea', NULL, NULL);
INSERT INTO public.moon VALUES (18, 3, 'Titan', NULL, NULL);
INSERT INTO public.moon VALUES (19, 3, 'Iapetus', NULL, NULL);
INSERT INTO public.moon VALUES (20, 3, 'Chandrayaan-2', NULL, NULL);


--
-- Data for Name: mountain; Type: TABLE DATA; Schema: public; Owner: freecodecamp
--

INSERT INTO public.mountain VALUES (1, 'Mount Everest', 'planet', 1);
INSERT INTO public.mountain VALUES (2, 'Olympus Mons', 'planet', 2);
INSERT INTO public.mountain VALUES (3, 'Montes Rook', 'moon', 1);


--
-- Data for Name: planet; Type: TABLE DATA; Schema: public; Owner: freecodecamp
--

INSERT INTO public.planet VALUES (1, 1, 'Earth', NULL, NULL);
INSERT INTO public.planet VALUES (2, 1, 'Mars', NULL, NULL);
INSERT INTO public.planet VALUES (3, 1, 'Saturn', NULL, NULL);
INSERT INTO public.planet VALUES (4, 2, 'Candidate 1', NULL, NULL);
INSERT INTO public.planet VALUES (5, 3, 'HR 8799 e', NULL, NULL);
INSERT INTO public.planet VALUES (6, 3, 'HR 8799 d', NULL, NULL);
INSERT INTO public.planet VALUES (7, 3, 'HR 8799 c', NULL, NULL);
INSERT INTO public.planet VALUES (8, 3, 'HR 8799 b', NULL, NULL);
INSERT INTO public.planet VALUES (9, 4, 'PZ Telescopii b', NULL, NULL);
INSERT INTO public.planet VALUES (10, 5, 'COCONUTS-2b', NULL, NULL);
INSERT INTO public.planet VALUES (11, 6, 'PDS 70 b', NULL, NULL);
INSERT INTO public.planet VALUES (12, 6, 'PDS 70 c', NULL, NULL);


--
-- Data for Name: star; Type: TABLE DATA; Schema: public; Owner: freecodecamp
--

INSERT INTO public.star VALUES (1, 2, 'Sun', NULL, NULL);
INSERT INTO public.star VALUES (2, 2, 'Alpha Centauri', NULL, NULL);
INSERT INTO public.star VALUES (3, 2, 'HR 8799', NULL, NULL);
INSERT INTO public.star VALUES (4, 2, 'PZ Telescopii', NULL, NULL);
INSERT INTO public.star VALUES (5, 2, 'L 34-26', NULL, NULL);
INSERT INTO public.star VALUES (6, 2, 'PDS 70', NULL, NULL);


--
-- Name: galaxy_galaxy_id_seq; Type: SEQUENCE SET; Schema: public; Owner: freecodecamp
--

SELECT pg_catalog.setval('public.galaxy_galaxy_id_seq', 7, true);


--
-- Name: moon_moon_id_seq; Type: SEQUENCE SET; Schema: public; Owner: freecodecamp
--

SELECT pg_catalog.setval('public.moon_moon_id_seq', 21, true);


--
-- Name: mountain_mountain_id_seq; Type: SEQUENCE SET; Schema: public; Owner: freecodecamp
--

SELECT pg_catalog.setval('public.mountain_mountain_id_seq', 3, true);


--
-- Name: planet_planet_id_seq; Type: SEQUENCE SET; Schema: public; Owner: freecodecamp
--

SELECT pg_catalog.setval('public.planet_planet_id_seq', 13, true);


--
-- Name: star_star_id_seq; Type: SEQUENCE SET; Schema: public; Owner: freecodecamp
--

SELECT pg_catalog.setval('public.star_star_id_seq', 7, true);


--
-- Name: galaxy galaxy_name_key; Type: CONSTRAINT; Schema: public; Owner: freecodecamp
--

ALTER TABLE ONLY public.galaxy
    ADD CONSTRAINT galaxy_name_key UNIQUE (name);


--
-- Name: galaxy galaxy_pkey; Type: CONSTRAINT; Schema: public; Owner: freecodecamp
--

ALTER TABLE ONLY public.galaxy
    ADD CONSTRAINT galaxy_pkey PRIMARY KEY (galaxy_id);


--
-- Name: moon moon_name_key; Type: CONSTRAINT; Schema: public; Owner: freecodecamp
--

ALTER TABLE ONLY public.moon
    ADD CONSTRAINT moon_name_key UNIQUE (name);


--
-- Name: moon moon_pkey; Type: CONSTRAINT; Schema: public; Owner: freecodecamp
--

ALTER TABLE ONLY public.moon
    ADD CONSTRAINT moon_pkey PRIMARY KEY (moon_id);


--
-- Name: mountain mountain_name_key; Type: CONSTRAINT; Schema: public; Owner: freecodecamp
--

ALTER TABLE ONLY public.mountain
    ADD CONSTRAINT mountain_name_key UNIQUE (name);


--
-- Name: mountain mountain_pkey; Type: CONSTRAINT; Schema: public; Owner: freecodecamp
--

ALTER TABLE ONLY public.mountain
    ADD CONSTRAINT mountain_pkey PRIMARY KEY (mountain_id);


--
-- Name: planet planet_name_key; Type: CONSTRAINT; Schema: public; Owner: freecodecamp
--

ALTER TABLE ONLY public.planet
    ADD CONSTRAINT planet_name_key UNIQUE (name);


--
-- Name: planet planet_pkey; Type: CONSTRAINT; Schema: public; Owner: freecodecamp
--

ALTER TABLE ONLY public.planet
    ADD CONSTRAINT planet_pkey PRIMARY KEY (planet_id);


--
-- Name: star star_name_key; Type: CONSTRAINT; Schema: public; Owner: freecodecamp
--

ALTER TABLE ONLY public.star
    ADD CONSTRAINT star_name_key UNIQUE (name);


--
-- Name: star star_pkey; Type: CONSTRAINT; Schema: public; Owner: freecodecamp
--

ALTER TABLE ONLY public.star
    ADD CONSTRAINT star_pkey PRIMARY KEY (star_id);


--
-- Name: moon moon_planet_id_fkey; Type: FK CONSTRAINT; Schema: public; Owner: freecodecamp
--

ALTER TABLE ONLY public.moon
    ADD CONSTRAINT moon_planet_id_fkey FOREIGN KEY (planet_id) REFERENCES public.planet(planet_id);


--
-- Name: planet planet_star_id_fkey; Type: FK CONSTRAINT; Schema: public; Owner: freecodecamp
--

ALTER TABLE ONLY public.planet
    ADD CONSTRAINT planet_star_id_fkey FOREIGN KEY (star_id) REFERENCES public.star(star_id);


--
-- Name: star star_galaxy_id_fkey; Type: FK CONSTRAINT; Schema: public; Owner: freecodecamp
--

ALTER TABLE ONLY public.star
    ADD CONSTRAINT star_galaxy_id_fkey FOREIGN KEY (galaxy_id) REFERENCES public.galaxy(galaxy_id);


--
-- PostgreSQL database dump complete
--